window_start,label
2017-04-07 01:00:00,0
2017-04-07 01:01:00,0
2017-04-07 01:02:00,0
2017-04-07 01:03:00,0
2017-04-07 01:04:00,0
2017-04-07 01:05:00,0
2017-04-07 01:06:00,0
2017-04-07 01:07:00,0
2017-04-07 01:08:00,0
2017-04-07 01:09:00,0
2017-04-07 01:10:00,0
2017-04-07 01:11:00,0
2017-04-07 01:12:00,0
2017-04-07 01:13:00,0
2017-04-07 01:14:00,0
2017-04-07 01:15:00,0
2017-04-07 01:16:00,0
2017-04-07 01:17:00,0
2017-04-07 01:18:00,0
2017-04-07 01:19:00,0
2017-04-07 01:20:00,0
2017-04-07 01:21:00,0
2017-04-07 01:22:00,0
2017-04-07 01:23:00,0
2017-04-07 01:24:00,0
2017-04-07 01:25:00,0
2017-04-07 01:26:00,0
2017-04-07 01:27:00,0
2017-04-07 01:28:00,0
2017-04-07 01:29:00,0
2017-04-07 01:30:00,0
2017-04-07 01:31:00,0
2017-04-07 01:32:00,0
2017-04-07 01:33:00,0
2017-04-07 01:34:00,0
2017-04-07 01:35:00,0
2017-04-07 01:36:00,0
2017-04-07 01:37:00,0
2017-04-07 01:38:00,0
2017-04-07 01:39:00,0
2017-04-07 01:40:00,0
2017-04-07 01:41:00,0
2017-04-07 01:42:00,0
2017-04-07 01:43:00,0
2017-04-07 01:44:00,0
2017-04-07 01:45:00,0
2017-04-07 01:46:00,0
2017-04-07 01:47:00,0
2017-04-07 01:48:00,0
2017-04-07 01:49:00,0
2017-04-07 01:50:00,0
2017-04-07 01:51:00,0
2017-04-07 01:52:00,0
2017-04-07 01:53:00,0
2017-04-07 01:54:00,0
2017-04-07 01:55:00,0
2017-04-07 01:56:00,0
2017-04-07 01:57:00,0
2017-04-07 01:58:00,0
2017-04-07 01:59:00,0
2017-04-07 02:00:00,0
2017-04-07 02:01:00,0
2017-04-07 02:02:00,0
2017-04-07 02:03:00,0
2017-04-07 02:04:00,0
2017-04-07 02:05:00,0
2017-04-07 02:06:00,0
2017-04-07 02:07:00,0
2017-04-07 02:08:00,0
2017-04-07 02:09:00,0
2017-04-07 02:10:00,0
2017-04-07 02:11:00,0
2017-04-07 02:12:00,0
2017-04-07 02:13:00,0
2017-04-07 02:14:00,0
2017-04-07 02:15:00,0
2017-04-07 02:16:00,0
2017-04-07 02:17:00,0
2017-04-07 02:18:00,0
2017-04-07 02:19:00,0
2017-04-07 02:20:00,0
2017-04-07 02:21:00,0
2017-04-07 02:22:00,0
2017-04-07 02:23:00,0
2017-04-07 02:24:00,0
2017-04-07 02:25:00,0
2017-04-07 02:26:00,0
2017-04-07 02:27:00,0
2017-04-07 02:28:00,0
2017-04-07 02:29:00,0
2017-04-07 02:30:00,0
2017-04-07 02:31:00,0
2017-04-07 02:32:00,0
2017-04-07 02:33:00,0
2017-04-07 02:34:00,0
2017-04-07 02:35:00,0
2017-04-07 02:36:00,0
2017-04-07 02:37:00,0
2017-04-07 02:38:00,0
2017-04-07 02:39:00,0
2017-04-07 02:40:00,0
2017-04-07 02:41:00,0
2017-04-07 02:42:00,0
2017-04-07 02:43:00,0
2017-04-07 02:44:00,0
2017-04-07 02:45:00,0
2017-04-07 02:46:00,0
2017-04-07 02:47:00,0
2017-04-07 02:48:00,0
2017-04-07 02:49:00,0
2017-04-07 02:50:00,0
2017-04-07 02:51:00,0
2017-04-07 02:52:00,0
2017-04-07 02:53:00,0
2017-04-07 02:54:00,0
2017-04-07 02:55:00,0
2017-04-07 02:56:00,0
2017-04-07 02:57:00,0
2017-04-07 02:58:00,0
2017-04-07 02:59:00,0
2017-04-07 03:00:00,0
2017-04-07 03:01:00,0
2017-04-07 03:02:00,0
2017-04-07 03:03:00,0
2017-04-07 03:04:00,0
2017-04-07 03:05:00,0
2017-04-07 03:06:00,0
2017-04-07 03:07:00,0
2017-04-07 03:08:00,0
2017-04-07 03:09:00,0
2017-04-07 03:10:00,0
2017-04-07 03:11:00,0
2017-04-07 03:12:00,0
2017-04-07 03:13:00,0
2017-04-07 03:14:00,0
2017-04-07 03:15:00,0
2017-04-07 03:16:00,0
2017-04-07 03:17:00,0
2017-04-07 03:18:00,0
2017-04-07 03:19:00,0
2017-04-07 03:20:00,0
2017-04-07 03:21:00,0
2017-04-07 03:22:00,0
2017-04-07 03:23:00,0
2017-04-07 03:24:00,0
2017-04-07 03:25:00,0
2017-04-07 03:26:00,0
2017-04-07 03:27:00,0
2017-04-07 03:28:00,0
2017-04-07 03:29:00,0
2017-04-07 03:30:00,0
2017-04-07 03:31:00,0
2017-04-07 03:32:00,0
2017-04-07 03:33:00,0
2017-04-07 03:34:00,0
2017-04-07 03:35:00,0
2017-04-07 03:36:00,0
2017-04-07 03:37:00,0
2017-04-07 03:38:00,0
2017-04-07 03:39:00,0
2017-04-07 03:40:00,0
2017-04-07 03:41:00,0
2017-04-07 03:42:00,0
2017-04-07 03:43:00,0
2017-04-07 03:44:00,0
2017-04-07 03:45:00,0
2017-04-07 03:46:00,0
2017-04-07 03:47:00,0
2017-04-07 03:48:00,0
2017-04-07 03:49:00,0
2017-04-07 03:50:00,0
2017-04-07 03:51:00,0
2017-04-07 03:52:00,0
2017-04-07 03:53:00,0
2017-04-07 03:54:00,0
2017-04-07 03:55:00,0
2017-04-07 03:56:00,0
2017-04-07 03:57:00,0
2017-04-07 03:58:00,0
2017-04-07 03:59:00,0
2017-04-07 04:00:00,0
2017-04-07 04:01:00,0
2017-04-07 04:02:00,0
2017-04-07 04:03:00,0
2017-04-07 04:04:00,0
2017-04-07 04:05:00,0
2017-04-07 04:06:00,0
2017-04-07 04:07:00,0
2017-04-07 04:08:00,0
2017-04-07 04:09:00,0
2017-04-07 04:10:00,0
2017-04-07 04:11:00,0
2017-04-07 04:12:00,0
2017-04-07 04:13:00,0
2017-04-07 04:14:00,0
2017-04-07 04:15:00,0
2017-04-07 04:16:00,0
2017-04-07 04:17:00,0
2017-04-07 04:18:00,0
2017-04-07 04:19:00,0
2017-04-07 04:20:00,0
2017-04-07 04:21:00,0
2017-04-07 04:22:00,0
2017-04-07 04:23:00,0
2017-04-07 04:24:00,0
2017-04-07 04:25:00,0
2017-04-07 04:26:00,0
2017-04-07 04:27:00,0
2017-04-07 04:28:00,0
2017-04-07 04:29:00,0
2017-04-07 04:30:00,0
2017-04-07 04:31:00,0
2017-04-07 04:32:00,0
2017-04-07 04:33:00,0
2017-04-07 04:34:00,0
2017-04-07 04:35:00,0
2017-04-07 04:36:00,0
2017-04-07 04:37:00,0
2017-04-07 04:38:00,0
2017-04-07 04:39:00,0
2017-04-07 04:40:00,0
2017-04-07 04:41:00,0
2017-04-07 04:42:00,0
2017-04-07 04:43:00,0
2017-04-07 04:44:00,0
2017-04-07 04:45:00,0
2017-04-07 04:46:00,0
2017-04-07 04:47:00,0
2017-04-07 04:48:00,0
2017-04-07 04:49:00,0
2017-04-07 04:50:00,0
2017-04-07 04:51:00,0
2017-04-07 04:52:00,0
2017-04-07 04:53:00,0
2017-04-07 04:54:00,0
2017-04-07 04:55:00,0
2017-04-07 04:56:00,0
2017-04-07 04:57:00,0
2017-04-07 04:58:00,0
2017-04-07 04:59:00,0
2017-04-07 05:00:00,0
2017-04-07 08:53:00,0
2017-04-07 08:54:00,0
2017-04-07 08:55:00,0
2017-04-07 08:56:00,0
2017-04-07 08:57:00,0
2017-04-07 08:58:00,0
2017-04-07 08:59:00,0
2017-04-07 09:00:00,0
2017-04-07 09:01:00,0
2017-04-07 09:02:00,0
2017-04-07 09:03:00,0
2017-04-07 09:04:00,0
2017-04-07 09:05:00,0
2017-04-07 09:06:00,0
2017-04-07 09:07:00,0
2017-04-07 09:08:00,0
2017-04-07 09:09:00,0
2017-04-07 09:10:00,0
2017-04-07 09:11:00,0
2017-04-07 09:12:00,0
2017-04-07 09:13:00,0
2017-04-07 09:14:00,0
2017-04-07 09:15:00,0
2017-04-07 09:16:00,0
2017-04-07 09:17:00,0
2017-04-07 09:18:00,0
2017-04-07 09:19:00,0
2017-04-07 09:20:00,0
2017-04-07 09:21:00,0
2017-04-07 09:22:00,0
2017-04-07 09:23:00,0
2017-04-07 09:24:00,0
2017-04-07 09:25:00,0
2017-04-07 09:26:00,0
2017-04-07 09:27:00,0
2017-04-07 09:28:00,0
2017-04-07 09:29:00,0
2017-04-07 09:30:00,0
2017-04-07 09:31:00,0
2017-04-07 09:32:00,0
2017-04-07 09:33:00,0
2017-04-07 09:34:00,0
2017-04-07 09:35:00,0
2017-04-07 09:36:00,0
2017-04-07 09:37:00,0
2017-04-07 09:38:00,0
2017-04-07 09:39:00,0
2017-04-07 09:40:00,0
2017-04-07 09:41:00,0
2017-04-07 09:42:00,0
2017-04-07 09:43:00,0
2017-04-07 09:44:00,0
2017-04-07 09:45:00,0
2017-04-07 09:46:00,0
2017-04-07 09:47:00,0
2017-04-07 09:48:00,0
2017-04-07 09:49:00,0
2017-04-07 09:50:00,0
2017-04-07 09:51:00,0
2017-04-07 09:52:00,0
2017-04-07 09:53:00,0
2017-04-07 09:54:00,0
2017-04-07 09:55:00,0
2017-04-07 09:56:00,0
2017-04-07 09:57:00,0
2017-04-07 09:58:00,0
2017-04-07 09:59:00,0
2017-04-07 10:00:00,0
2017-04-07 10:01:00,0
2017-04-07 10:02:00,0
2017-04-07 10:03:00,0
2017-04-07 10:04:00,0
2017-04-07 10:05:00,0
2017-04-07 10:06:00,0
2017-04-07 10:07:00,0
2017-04-07 10:08:00,0
2017-04-07 10:09:00,0
2017-04-07 10:10:00,0
2017-04-07 10:11:00,0
2017-04-07 10:12:00,0
2017-04-07 10:13:00,0
2017-04-07 10:14:00,0
2017-04-07 10:15:00,0
2017-04-07 10:16:00,0
2017-04-07 10:17:00,0
2017-04-07 10:18:00,0
2017-04-07 10:19:00,0
2017-04-07 10:20:00,0
2017-04-07 10:21:00,0
2017-04-07 10:22:00,0
2017-04-07 10:23:00,0
2017-04-07 10:24:00,0
2017-04-07 10:25:00,0
2017-04-07 10:26:00,0
2017-04-07 10:27:00,0
2017-04-07 10:28:00,0
2017-04-07 10:29:00,0
2017-04-07 10:30:00,0
2017-04-07 10:31:00,0
2017-04-07 10:32:00,0
2017-04-07 10:33:00,0
2017-04-07 10:34:00,0
2017-04-07 10:35:00,0
2017-04-07 10:36:00,0
2017-04-07 10:37:00,0
2017-04-07 10:38:00,0
2017-04-07 10:39:00,0
2017-04-07 10:40:00,0
2017-04-07 10:41:00,0
2017-04-07 10:42:00,0
2017-04-07 10:43:00,0
2017-04-07 10:44:00,0
2017-04-07 10:45:00,0
2017-04-07 10:46:00,0
2017-04-07 10:47:00,0
2017-04-07 10:48:00,0
2017-04-07 10:49:00,0
2017-04-07 10:50:00,0
2017-04-07 10:51:00,0
2017-04-07 10:52:00,0
2017-04-07 10:53:00,0
2017-04-07 10:54:00,0
2017-04-07 10:55:00,0
2017-04-07 10:56:00,0
2017-04-07 10:57:00,0
2017-04-07 10:58:00,0
2017-04-07 10:59:00,0
2017-04-07 11:00:00,0
2017-04-07 11:01:00,0
2017-04-07 11:02:00,0
2017-04-07 11:03:00,0
2017-04-07 11:04:00,0
2017-04-07 11:05:00,0
2017-04-07 11:06:00,0
2017-04-07 11:07:00,0
2017-04-07 11:08:00,0
2017-04-07 11:09:00,0
2017-04-07 11:10:00,0
2017-04-07 11:11:00,0
2017-04-07 11:12:00,0
2017-04-07 11:13:00,0
2017-04-07 11:14:00,0
2017-04-07 11:15:00,0
2017-04-07 11:16:00,0
2017-04-07 11:17:00,0
2017-04-07 11:18:00,0
2017-04-07 11:19:00,0
2017-04-07 11:20:00,0
2017-04-07 11:21:00,0
2017-04-07 11:22:00,0
2017-04-07 11:23:00,0
2017-04-07 11:24:00,0
2017-04-07 11:25:00,0
2017-04-07 11:26:00,0
2017-04-07 11:27:00,0
2017-04-07 11:28:00,0
2017-04-07 11:29:00,0
2017-04-07 11:30:00,0
2017-04-07 11:31:00,0
2017-04-07 11:32:00,0
2017-04-07 11:33:00,0
2017-04-07 11:34:00,0
2017-04-07 11:35:00,0
2017-04-07 11:36:00,0
2017-04-07 11:37:00,0
2017-04-07 11:38:00,0
2017-04-07 11:39:00,0
2017-04-07 11:40:00,0
2017-04-07 11:41:00,0
2017-04-07 11:42:00,0
2017-04-07 11:43:00,0
2017-04-07 11:44:00,0
2017-04-07 11:45:00,0
2017-04-07 11:46:00,0
2017-04-07 11:47:00,0
2017-04-07 11:48:00,0
2017-04-07 11:49:00,0
2017-04-07 11:50:00,0
2017-04-07 11:51:00,0
2017-04-07 11:52:00,0
2017-04-07 11:53:00,0
2017-04-07 11:54:00,0
2017-04-07 11:55:00,0
2017-04-07 11:56:00,0
2017-04-07 11:57:00,0
2017-04-07 11:58:00,0
2017-04-07 11:59:00,0
2017-04-07 12:00:00,0
2017-04-07 12:01:00,0
2017-04-07 12:02:00,0
2017-04-07 12:03:00,0
2017-04-07 12:04:00,0
2017-04-07 12:05:00,0
2017-04-07 12:06:00,0
2017-04-07 12:07:00,0
2017-04-07 12:08:00,0
2017-04-07 12:09:00,0
2017-04-07 12:10:00,0
2017-04-07 12:11:00,0
2017-04-07 12:12:00,0
2017-04-07 12:13:00,0
2017-04-07 12:14:00,0
2017-04-07 12:15:00,0
2017-04-07 12:16:00,0
2017-04-07 12:17:00,0
2017-04-07 12:18:00,0
2017-04-07 12:19:00,0
2017-04-07 12:20:00,0
2017-04-07 12:21:00,0
2017-04-07 12:22:00,0
2017-04-07 12:23:00,0
2017-04-07 12:24:00,0
2017-04-07 12:25:00,0
2017-04-07 12:26:00,0
2017-04-07 12:27:00,0
2017-04-07 12:28:00,0
2017-04-07 12:29:00,0
2017-04-07 12:30:00,0
2017-04-07 12:31:00,0
2017-04-07 12:32:00,0
2017-04-07 12:33:00,0
2017-04-07 12:34:00,0
2017-04-07 12:35:00,0
2017-04-07 12:36:00,0
2017-04-07 12:37:00,0
2017-04-07 12:38:00,0
2017-04-07 12:39:00,0
2017-04-07 12:40:00,0
2017-04-07 12:41:00,0
2017-04-07 12:42:00,0
2017-04-07 12:43:00,0
2017-04-07 12:44:00,0
2017-04-07 12:45:00,0
2017-04-07 12:46:00,0
2017-04-07 12:47:00,0
2017-04-07 12:48:00,0
2017-04-07 12:49:00,0
2017-04-07 12:50:00,0
2017-04-07 12:51:00,0
2017-04-07 12:52:00,0
2017-04-07 12:53:00,0
2017-04-07 12:54:00,0
2017-04-07 12:55:00,0
2017-04-07 12:56:00,0
2017-04-07 12:57:00,0
2017-04-07 12:58:00,0
2017-04-07 12:59:00,0
2017-05-07 01:00:00,0
2017-05-07 01:01:00,0
2017-05-07 01:02:00,0
2017-05-07 01:03:00,0
2017-05-07 01:04:00,0
2017-05-07 01:05:00,0
2017-05-07 01:06:00,0
2017-05-07 01:07:00,0
2017-05-07 01:08:00,0
2017-05-07 01:09:00,0
2017-05-07 01:10:00,0
2017-05-07 01:11:00,0
2017-05-07 01:12:00,0
2017-05-07 01:13:00,0
2017-05-07 01:14:00,0
2017-05-07 01:15:00,0
2017-05-07 01:16:00,0
2017-05-07 01:17:00,0
2017-05-07 01:18:00,0
2017-05-07 01:19:00,0
2017-05-07 01:20:00,0
2017-05-07 01:21:00,0
2017-05-07 01:22:00,0
2017-05-07 01:23:00,0
2017-05-07 01:24:00,0
2017-05-07 01:25:00,0
2017-05-07 01:26:00,0
2017-05-07 01:27:00,0
2017-05-07 01:28:00,0
2017-05-07 01:29:00,0
2017-05-07 01:30:00,0
2017-05-07 01:31:00,0
2017-05-07 01:32:00,0
2017-05-07 01:33:00,0
2017-05-07 01:34:00,0
2017-05-07 01:35:00,0
2017-05-07 01:36:00,0
2017-05-07 01:37:00,0
2017-05-07 01:38:00,0
2017-05-07 01:39:00,0
2017-05-07 01:40:00,0
2017-05-07 01:41:00,0
2017-05-07 01:42:00,0
2017-05-07 01:43:00,0
2017-05-07 01:44:00,0
2017-05-07 01:45:00,0
2017-05-07 01:46:00,0
2017-05-07 01:47:00,0
2017-05-07 01:48:00,0
2017-05-07 01:49:00,0
2017-05-07 01:50:00,0
2017-05-07 01:51:00,0
2017-05-07 01:52:00,0
2017-05-07 01:53:00,0
2017-05-07 01:54:00,0
2017-05-07 01:55:00,0
2017-05-07 01:56:00,0
2017-05-07 01:57:00,0
2017-05-07 01:58:00,0
2017-05-07 01:59:00,0
2017-05-07 02:00:00,0
2017-05-07 02:01:00,0
2017-05-07 02:02:00,0
2017-05-07 02:03:00,0
2017-05-07 02:04:00,0
2017-05-07 02:05:00,0
2017-05-07 02:06:00,0
2017-05-07 02:07:00,0
2017-05-07 02:08:00,0
2017-05-07 02:09:00,0
2017-05-07 02:10:00,0
2017-05-07 02:11:00,0
2017-05-07 02:12:00,0
2017-05-07 02:13:00,0
2017-05-07 02:14:00,0
2017-05-07 02:15:00,0
2017-05-07 02:16:00,0
2017-05-07 02:17:00,0
2017-05-07 02:18:00,0
2017-05-07 02:19:00,0
2017-05-07 02:20:00,0
2017-05-07 02:21:00,0
2017-05-07 02:22:00,0
2017-05-07 02:23:00,0
2017-05-07 02:24:00,0
2017-05-07 02:25:00,0
2017-05-07 02:26:00,0
2017-05-07 02:27:00,0
2017-05-07 02:28:00,0
2017-05-07 02:29:00,0
2017-05-07 02:30:00,0
2017-05-07 02:31:00,0
2017-05-07 02:32:00,0
2017-05-07 02:33:00,0
2017-05-07 02:34:00,0
2017-05-07 02:35:00,0
2017-05-07 02:36:00,0
2017-05-07 02:37:00,0
2017-05-07 02:38:00,0
2017-05-07 02:39:00,0
2017-05-07 02:40:00,0
2017-05-07 02:41:00,0
2017-05-07 02:42:00,0
2017-05-07 02:43:00,0
2017-05-07 02:44:00,0
2017-05-07 02:45:00,0
2017-05-07 02:46:00,0
2017-05-07 02:47:00,0
2017-05-07 02:48:00,0
2017-05-07 02:49:00,0
2017-05-07 02:50:00,0
2017-05-07 02:51:00,0
2017-05-07 02:52:00,0
2017-05-07 02:53:00,0
2017-05-07 02:54:00,0
2017-05-07 02:55:00,0
2017-05-07 02:56:00,0
2017-05-07 02:57:00,0
2017-05-07 02:58:00,0
2017-05-07 02:59:00,0
2017-05-07 03:00:00,0
2017-05-07 03:01:00,0
2017-05-07 03:02:00,0
2017-05-07 03:03:00,0
2017-05-07 03:04:00,0
2017-05-07 03:05:00,0
2017-05-07 03:06:00,0
2017-05-07 03:07:00,0
2017-05-07 03:08:00,0
2017-05-07 03:09:00,0
2017-05-07 03:10:00,0
2017-05-07 03:11:00,0
2017-05-07 03:12:00,0
2017-05-07 03:13:00,0
2017-05-07 03:14:00,0
2017-05-07 03:15:00,0
2017-05-07 03:16:00,0
2017-05-07 03:17:00,0
2017-05-07 03:18:00,0
2017-05-07 03:19:00,0
2017-05-07 03:20:00,0
2017-05-07 03:21:00,0
2017-05-07 03:22:00,0
2017-05-07 03:23:00,0
2017-05-07 03:24:00,0
2017-05-07 03:25:00,0
2017-05-07 03:26:00,0
2017-05-07 03:27:00,0
2017-05-07 03:28:00,0
2017-05-07 03:29:00,0
2017-05-07 03:30:00,0
2017-05-07 03:31:00,0
2017-05-07 03:32:00,0
2017-05-07 03:33:00,0
2017-05-07 03:34:00,0
2017-05-07 03:35:00,0
2017-05-07 03:36:00,0
2017-05-07 03:37:00,0
2017-05-07 03:38:00,0
2017-05-07 03:39:00,0
2017-05-07 03:40:00,0
2017-05-07 03:41:00,0
2017-05-07 03:42:00,0
2017-05-07 03:43:00,0
2017-05-07 03:44:00,0
2017-05-07 03:45:00,0
2017-05-07 03:46:00,0
2017-05-07 03:47:00,0
2017-05-07 03:48:00,0
2017-05-07 03:49:00,0
2017-05-07 03:50:00,0
2017-05-07 03:51:00,0
2017-05-07 03:52:00,0
2017-05-07 03:53:00,0
2017-05-07 03:54:00,0
2017-05-07 03:55:00,0
2017-05-07 03:56:00,0
2017-05-07 03:57:00,0
2017-05-07 03:58:00,0
2017-05-07 03:59:00,0
2017-05-07 04:00:00,0
2017-05-07 04:01:00,0
2017-05-07 04:02:00,0
2017-05-07 04:03:00,0
2017-05-07 04:04:00,0
2017-05-07 04:05:00,0
2017-05-07 04:06:00,0
2017-05-07 04:07:00,0
2017-05-07 04:08:00,0
2017-05-07 04:09:00,0
2017-05-07 04:10:00,0
2017-05-07 04:11:00,0
2017-05-07 04:12:00,0
2017-05-07 04:13:00,0
2017-05-07 04:14:00,0
2017-05-07 04:15:00,0
2017-05-07 04:16:00,0
2017-05-07 04:17:00,0
2017-05-07 04:18:00,0
2017-05-07 04:19:00,0
2017-05-07 04:20:00,0
2017-05-07 04:21:00,0
2017-05-07 04:22:00,0
2017-05-07 04:23:00,0
2017-05-07 04:24:00,0
2017-05-07 04:25:00,0
2017-05-07 04:26:00,0
2017-05-07 04:27:00,0
2017-05-07 04:28:00,0
2017-05-07 04:29:00,0
2017-05-07 04:30:00,0
2017-05-07 04:31:00,0
2017-05-07 04:32:00,0
2017-05-07 04:33:00,0
2017-05-07 04:34:00,0
2017-05-07 04:35:00,0
2017-05-07 04:36:00,0
2017-05-07 04:37:00,0
2017-05-07 04:38:00,0
2017-05-07 04:39:00,0
2017-05-07 04:40:00,0
2017-05-07 04:41:00,0
2017-05-07 04:42:00,0
2017-05-07 04:43:00,0
2017-05-07 04:44:00,0
2017-05-07 04:45:00,0
2017-05-07 04:46:00,0
2017-05-07 04:47:00,0
2017-05-07 04:48:00,0
2017-05-07 04:49:00,0
2017-05-07 04:50:00,0
2017-05-07 04:51:00,0
2017-05-07 04:52:00,0
2017-05-07 04:53:00,0
2017-05-07 04:54:00,0
2017-05-07 04:55:00,0
2017-05-07 04:56:00,0
2017-05-07 04:57:00,0
2017-05-07 04:58:00,0
2017-05-07 04:59:00,0
2017-05-07 05:00:00,0
2017-05-07 05:01:00,0
2017-05-07 05:02:00,0
2017-05-07 05:03:00,0
2017-05-07 05:04:00,0
2017-05-07 05:05:00,0
2017-05-07 05:06:00,0
2017-05-07 05:07:00,0
2017-05-07 05:08:00,0
2017-05-07 05:09:00,0
2017-05-07 05:10:00,0
2017-05-07 08:42:00,0
2017-05-07 08:43:00,0
2017-05-07 08:44:00,0
2017-05-07 08:45:00,0
2017-05-07 08:46:00,0
2017-05-07 08:47:00,0
2017-05-07 08:48:00,0
2017-05-07 08:49:00,0
2017-05-07 08:50:00,0
2017-05-07 08:51:00,0
2017-05-07 08:52:00,0
2017-05-07 08:53:00,0
2017-05-07 08:54:00,0
2017-05-07 08:55:00,0
2017-05-07 08:56:00,0
2017-05-07 08:57:00,0
2017-05-07 08:58:00,0
2017-05-07 08:59:00,0
2017-05-07 09:00:00,0
2017-05-07 09:01:00,0
2017-05-07 09:02:00,0
2017-05-07 09:03:00,0
2017-05-07 09:04:00,0
2017-05-07 09:05:00,0
2017-05-07 09:06:00,0
2017-05-07 09:07:00,0
2017-05-07 09:08:00,0
2017-05-07 09:09:00,0
2017-05-07 09:10:00,0
2017-05-07 09:11:00,0
2017-05-07 09:12:00,0
2017-05-07 09:13:00,0
2017-05-07 09:14:00,0
2017-05-07 09:15:00,0
2017-05-07 09:16:00,0
2017-05-07 09:17:00,0
2017-05-07 09:18:00,0
2017-05-07 09:19:00,0
2017-05-07 09:20:00,0
2017-05-07 09:21:00,0
2017-05-07 09:22:00,0
2017-05-07 09:23:00,0
2017-05-07 09:24:00,0
2017-05-07 09:25:00,0
2017-05-07 09:26:00,0
2017-05-07 09:27:00,0
2017-05-07 09:28:00,0
2017-05-07 09:29:00,0
2017-05-07 09:30:00,0
2017-05-07 09:31:00,0
2017-05-07 09:32:00,0
2017-05-07 09:33:00,0
2017-05-07 09:34:00,0
2017-05-07 09:35:00,0
2017-05-07 09:36:00,0
2017-05-07 09:37:00,0
2017-05-07 09:38:00,0
2017-05-07 09:39:00,0
2017-05-07 09:40:00,0
2017-05-07 09:41:00,0
2017-05-07 09:42:00,0
2017-05-07 09:43:00,0
2017-05-07 09:44:00,0
2017-05-07 09:45:00,0
2017-05-07 09:46:00,0
2017-05-07 09:47:00,0
2017-05-07 09:48:00,1
2017-05-07 09:49:00,1
2017-05-07 09:50:00,1
2017-05-07 09:51:00,1
2017-05-07 09:52:00,1
2017-05-07 09:53:00,0
2017-05-07 09:54:00,0
2017-05-07 09:55:00,1
2017-05-07 09:56:00,0
2017-05-07 09:57:00,0
2017-05-07 09:58:00,1
2017-05-07 09:59:00,1
2017-05-07 10:00:00,0
2017-05-07 10:01:00,0
2017-05-07 10:02:00,1
2017-05-07 10:03:00,0
2017-05-07 10:04:00,1
2017-05-07 10:05:00,0
2017-05-07 10:06:00,1
2017-05-07 10:07:00,0
2017-05-07 10:08:00,1
2017-05-07 10:09:00,1
2017-05-07 10:10:00,0
2017-05-07 10:11:00,0
2017-05-07 10:12:00,0
2017-05-07 10:13:00,0
2017-05-07 10:14:00,0
2017-05-07 10:15:00,1
2017-05-07 10:16:00,0
2017-05-07 10:17:00,0
2017-05-07 10:18:00,0
2017-05-07 10:19:00,1
2017-05-07 10:20:00,0
2017-05-07 10:21:00,0
2017-05-07 10:22:00,1
2017-05-07 10:23:00,0
2017-05-07 10:24:00,0
2017-05-07 10:25:00,1
2017-05-07 10:26:00,1
2017-05-07 10:27:00,0
2017-05-07 10:28:00,0
2017-05-07 10:29:00,0
2017-05-07 10:30:00,0
2017-05-07 10:31:00,0
2017-05-07 10:32:00,0
2017-05-07 10:33:00,1
2017-05-07 10:34:00,0
2017-05-07 10:35:00,0
2017-05-07 10:36:00,0
2017-05-07 10:37:00,0
2017-05-07 10:38:00,0
2017-05-07 10:39:00,0
2017-05-07 10:40:00,0
2017-05-07 10:41:00,0
2017-05-07 10:42:00,0
2017-05-07 10:43:00,1
2017-05-07 10:44:00,1
2017-05-07 10:45:00,1
2017-05-07 10:46:00,1
2017-05-07 10:47:00,1
2017-05-07 10:48:00,1
2017-05-07 10:49:00,1
2017-05-07 10:50:00,1
2017-05-07 10:51:00,1
2017-05-07 10:52:00,1
2017-05-07 10:53:00,1
2017-05-07 10:54:00,1
2017-05-07 10:55:00,1
2017-05-07 10:56:00,1
2017-05-07 10:57:00,1
2017-05-07 10:58:00,1
2017-05-07 10:59:00,1
2017-05-07 11:00:00,1
2017-05-07 11:01:00,0
2017-05-07 11:02:00,0
2017-05-07 11:03:00,0
2017-05-07 11:04:00,0
2017-05-07 11:05:00,0
2017-05-07 11:06:00,1
2017-05-07 11:07:00,0
2017-05-07 11:08:00,0
2017-05-07 11:09:00,0
2017-05-07 11:10:00,1
2017-05-07 11:11:00,1
2017-05-07 11:12:00,1
2017-05-07 11:13:00,1
2017-05-07 11:14:00,1
2017-05-07 11:15:00,0
2017-05-07 11:16:00,0
2017-05-07 11:17:00,1
2017-05-07 11:18:00,1
2017-05-07 11:19:00,1
2017-05-07 11:20:00,0
2017-05-07 11:21:00,0
2017-05-07 11:22:00,0
2017-05-07 11:23:00,0
2017-05-07 11:24:00,0
2017-05-07 11:25:00,0
2017-05-07 11:26:00,0
2017-05-07 11:27:00,0
2017-05-07 11:28:00,0
2017-05-07 11:29:00,0
2017-05-07 11:30:00,0
2017-05-07 11:31:00,0
2017-05-07 11:32:00,0
2017-05-07 11:33:00,0
2017-05-07 11:34:00,0
2017-05-07 11:35:00,0
2017-05-07 11:36:00,0
2017-05-07 11:37:00,0
2017-05-07 11:38:00,0
2017-05-07 11:39:00,0
2017-05-07 11:40:00,0
2017-05-07 11:41:00,0
2017-05-07 11:42:00,0
2017-05-07 11:43:00,0
2017-05-07 11:44:00,0
2017-05-07 11:45:00,0
2017-05-07 11:46:00,0
2017-05-07 11:47:00,0
2017-05-07 11:48:00,0
2017-05-07 11:49:00,0
2017-05-07 11:50:00,0
2017-05-07 11:51:00,0
2017-05-07 11:52:00,0
2017-05-07 11:53:00,0
2017-05-07 11:54:00,0
2017-05-07 11:55:00,0
2017-05-07 11:56:00,0
2017-05-07 11:57:00,0
2017-05-07 11:58:00,0
2017-05-07 11:59:00,0
2017-05-07 12:00:00,0
2017-05-07 12:01:00,0
2017-05-07 12:02:00,0
2017-05-07 12:03:00,0
2017-05-07 12:04:00,0
2017-05-07 12:05:00,0
2017-05-07 12:06:00,0
2017-05-07 12:07:00,0
2017-05-07 12:08:00,0
2017-05-07 12:09:00,0
2017-05-07 12:10:00,0
2017-05-07 12:11:00,0
2017-05-07 12:12:00,0
2017-05-07 12:13:00,0
2017-05-07 12:14:00,0
2017-05-07 12:15:00,0
2017-05-07 12:16:00,0
2017-05-07 12:17:00,0
2017-05-07 12:18:00,0
2017-05-07 12:19:00,0
2017-05-07 12:20:00,0
2017-05-07 12:21:00,0
2017-05-07 12:22:00,0
2017-05-07 12:23:00,0
2017-05-07 12:24:00,0
2017-05-07 12:25:00,0
2017-05-07 12:26:00,0
2017-05-07 12:27:00,0
2017-05-07 12:28:00,0
2017-05-07 12:29:00,0
2017-05-07 12:30:00,0
2017-05-07 12:31:00,0
2017-05-07 12:32:00,0
2017-05-07 12:33:00,0
2017-05-07 12:34:00,0
2017-05-07 12:35:00,0
2017-05-07 12:36:00,0
2017-05-07 12:37:00,0
2017-05-07 12:38:00,0
2017-05-07 12:39:00,0
2017-05-07 12:40:00,0
2017-05-07 12:41:00,0
2017-05-07 12:42:00,0
2017-05-07 12:43:00,0
2017-05-07 12:44:00,0
2017-05-07 12:45:00,0
2017-05-07 12:46:00,0
2017-05-07 12:47:00,0
2017-05-07 12:48:00,0
2017-05-07 12:49:00,0
2017-05-07 12:50:00,0
2017-05-07 12:51:00,0
2017-05-07 12:52:00,0
2017-05-07 12:53:00,0
2017-05-07 12:54:00,0
2017-05-07 12:55:00,0
2017-05-07 12:56:00,0
2017-05-07 12:57:00,0
2017-05-07 12:58:00,0
2017-05-07 12:59:00,0
2017-07-07 03:30:00,0
2017-07-07 03:31:00,0
2017-07-07 03:32:00,0
2017-07-07 03:33:00,0
2017-07-07 03:34:00,0
2017-07-07 03:35:00,0
2017-07-07 03:36:00,0
2017-07-07 03:37:00,0
2017-07-07 03:38:00,0
2017-07-07 03:39:00,0
2017-07-07 03:40:00,0
2017-07-07 03:41:00,0
2017-07-07 03:42:00,0
2017-07-07 03:43:00,0
2017-07-07 03:44:00,0
2017-07-07 03:45:00,0
2017-07-07 03:46:00,0
2017-07-07 03:47:00,0
2017-07-07 03:48:00,0
2017-07-07 03:49:00,0
2017-07-07 03:50:00,0
2017-07-07 03:51:00,0
2017-07-07 03:52:00,0
2017-07-07 03:53:00,0
2017-07-07 03:54:00,0
2017-07-07 03:55:00,0
2017-07-07 03:56:00,1
2017-07-07 03:57:00,1
2017-07-07 03:58:00,1
2017-07-07 03:59:00,1
2017-07-07 04:00:00,1
2017-07-07 04:01:00,1
2017-07-07 04:02:00,1
2017-07-07 04:03:00,1
2017-07-07 04:04:00,1
2017-07-07 04:05:00,1
2017-07-07 04:06:00,1
2017-07-07 04:07:00,1
2017-07-07 04:08:00,1
2017-07-07 04:09:00,1
2017-07-07 04:10:00,1
2017-07-07 04:11:00,1
2017-07-07 04:12:00,1
2017-07-07 04:13:00,1
2017-07-07 04:14:00,1
2017-07-07 04:15:00,1
2017-07-07 04:16:00,1
2017-07-07 04:17:00,0
2017-07-07 04:18:00,0
2017-07-07 04:19:00,0
2017-07-07 04:20:00,0
2017-07-07 04:21:00,0
2017-07-07 04:22:00,0
2017-07-07 04:23:00,0
2017-07-07 04:24:00,0
2017-07-07 04:25:00,0
2017-07-07 04:26:00,0
2017-07-07 04:27:00,0
2017-07-07 04:28:00,0
2017-07-07 04:29:00,0
2017-07-07 04:30:00,0
2017-07-07 04:31:00,0
2017-07-07 04:32:00,0
2017-07-07 04:33:00,0
2017-07-07 04:34:00,0
2017-07-07 04:35:00,0
2017-07-07 04:36:00,0
2017-07-07 04:37:00,0
2017-07-07 04:38:00,0
2017-07-07 04:39:00,0
2017-07-07 04:40:00,0
2017-07-07 04:41:00,0
2017-07-07 04:42:00,0
2017-07-07 04:43:00,0
2017-07-07 04:44:00,0
2017-07-07 04:45:00,0
2017-07-07 04:46:00,0
2017-07-07 04:47:00,0
2017-07-07 04:48:00,0
2017-07-07 04:49:00,0
2017-07-07 04:50:00,0
2017-07-07 04:51:00,0
2017-07-07 04:52:00,0
2017-07-07 04:53:00,0
2017-07-07 04:54:00,0
2017-07-07 04:55:00,0
2017-07-07 04:56:00,0
2017-07-07 04:57:00,0
2017-07-07 04:58:00,0
2017-07-07 04:59:00,0
2017-07-07 05:00:00,0
2017-07-07 05:01:00,0
2017-07-07 05:02:00,0
2017-07-07 08:59:00,0
2017-07-07 09:00:00,0
2017-07-07 09:01:00,0
2017-07-07 09:02:00,0
2017-07-07 09:03:00,0
2017-07-07 09:04:00,0
2017-07-07 09:05:00,0
2017-07-07 09:06:00,0
2017-07-07 09:07:00,0
2017-07-07 09:08:00,0
2017-07-07 09:09:00,0
2017-07-07 09:10:00,0
2017-07-07 09:11:00,0
2017-07-07 09:12:00,0
2017-07-07 09:13:00,0
2017-07-07 09:14:00,0
2017-07-07 09:15:00,0
2017-07-07 09:16:00,0
2017-07-07 09:17:00,0
2017-07-07 09:18:00,0
2017-07-07 09:19:00,0
2017-07-07 09:20:00,0
2017-07-07 09:21:00,0
2017-07-07 09:22:00,0
2017-07-07 09:23:00,0
2017-07-07 09:24:00,0
2017-07-07 09:25:00,0
2017-07-07 09:26:00,0
2017-07-07 09:27:00,0
2017-07-07 09:28:00,0
2017-07-07 09:29:00,0
2017-07-07 09:30:00,0
2017-07-07 09:31:00,0
2017-07-07 09:32:00,0
2017-07-07 09:33:00,0
2017-07-07 09:34:00,0
2017-07-07 09:35:00,0
2017-07-07 09:36:00,0
2017-07-07 09:37:00,0
2017-07-07 09:38:00,0
2017-07-07 09:39:00,0
2017-07-07 09:40:00,0
2017-07-07 09:41:00,0
2017-07-07 09:42:00,0
2017-07-07 09:43:00,0
2017-07-07 09:44:00,0
2017-07-07 09:45:00,0
2017-07-07 09:46:00,0
2017-07-07 09:47:00,0
2017-07-07 09:48:00,0
2017-07-07 09:49:00,0
2017-07-07 09:50:00,0
2017-07-07 09:51:00,0
2017-07-07 09:52:00,0
2017-07-07 09:53:00,0
2017-07-07 09:54:00,0
2017-07-07 09:55:00,0
2017-07-07 09:56:00,0
2017-07-07 09:57:00,0
2017-07-07 09:58:00,0
2017-07-07 09:59:00,0
2017-07-07 10:00:00,0
2017-07-07 10:01:00,0
2017-07-07 10:02:00,0
2017-07-07 10:03:00,0
2017-07-07 10:04:00,0
2017-07-07 10:05:00,0
2017-07-07 10:06:00,0
2017-07-07 10:07:00,0
2017-07-07 10:08:00,0
2017-07-07 10:09:00,0
2017-07-07 10:10:00,0
2017-07-07 10:11:00,0
2017-07-07 10:12:00,0
2017-07-07 10:13:00,0
2017-07-07 10:14:00,0
2017-07-07 10:15:00,0
2017-07-07 10:16:00,0
2017-07-07 10:17:00,0
2017-07-07 10:18:00,0
2017-07-07 10:19:00,0
2017-07-07 10:20:00,0
2017-07-07 10:21:00,0
2017-07-07 10:22:00,0
2017-07-07 10:23:00,0
2017-07-07 10:24:00,0
2017-07-07 10:25:00,0
2017-07-07 10:26:00,0
2017-07-07 10:27:00,0
2017-07-07 10:28:00,0
2017-07-07 10:29:00,0
2017-07-07 10:30:00,0
2017-07-07 10:31:00,0
2017-07-07 10:32:00,0
2017-07-07 10:33:00,0
2017-07-07 10:34:00,0
2017-07-07 10:35:00,0
2017-07-07 10:36:00,0
2017-07-07 10:37:00,0
2017-07-07 10:38:00,0
2017-07-07 10:39:00,0
2017-07-07 10:40:00,0
2017-07-07 10:41:00,0
2017-07-07 10:42:00,0
2017-07-07 10:43:00,0
2017-07-07 10:44:00,0
2017-07-07 10:45:00,0
2017-07-07 10:46:00,0
2017-07-07 10:47:00,0
2017-07-07 10:48:00,0
2017-07-07 10:49:00,0
2017-07-07 10:50:00,0
2017-07-07 10:51:00,0
2017-07-07 10:52:00,0
2017-07-07 10:53:00,0
2017-07-07 10:54:00,0
2017-07-07 10:55:00,0
2017-07-07 10:56:00,0
2017-07-07 10:57:00,0
2017-07-07 10:58:00,0
2017-07-07 10:59:00,0
2017-07-07 11:00:00,0
2017-07-07 11:01:00,0
2017-07-07 11:02:00,0
2017-07-07 11:03:00,0
2017-07-07 11:04:00,0
2017-07-07 11:05:00,0
2017-07-07 11:06:00,0
2017-07-07 11:07:00,0
2017-07-07 11:08:00,0
2017-07-07 11:09:00,0
2017-07-07 11:10:00,0
2017-07-07 11:11:00,0
2017-07-07 11:12:00,0
2017-07-07 11:13:00,0
2017-07-07 11:14:00,0
2017-07-07 11:15:00,0
2017-07-07 11:16:00,0
2017-07-07 11:17:00,0
2017-07-07 11:18:00,0
2017-07-07 11:19:00,0
2017-07-07 11:20:00,0
2017-07-07 11:21:00,0
2017-07-07 11:22:00,0
2017-07-07 11:23:00,0
2017-07-07 11:24:00,0
2017-07-07 11:25:00,0
2017-07-07 11:26:00,0
2017-07-07 11:27:00,0
2017-07-07 11:28:00,0
2017-07-07 11:29:00,0
2017-07-07 11:30:00,0
2017-07-07 11:31:00,0
2017-07-07 11:32:00,0
2017-07-07 11:33:00,0
2017-07-07 11:34:00,0
2017-07-07 11:35:00,0
2017-07-07 11:36:00,0
2017-07-07 11:37:00,0
2017-07-07 11:38:00,0
2017-07-07 11:39:00,0
2017-07-07 11:40:00,0
2017-07-07 11:41:00,0
2017-07-07 11:42:00,0
2017-07-07 11:43:00,0
2017-07-07 11:44:00,0
2017-07-07 11:45:00,0
2017-07-07 11:46:00,0
2017-07-07 11:47:00,0
2017-07-07 11:48:00,0
2017-07-07 11:49:00,0
2017-07-07 11:50:00,0
2017-07-07 11:51:00,0
2017-07-07 11:52:00,0
2017-07-07 11:53:00,0
2017-07-07 11:54:00,0
2017-07-07 11:55:00,0
2017-07-07 11:56:00,0
2017-07-07 11:57:00,0
2017-07-07 11:58:00,0
2017-07-07 11:59:00,0
2017-07-07 12:00:00,0
2017-07-07 12:01:00,0
2017-07-07 12:02:00,0
2017-07-07 12:03:00,0
2017-07-07 12:04:00,0
2017-07-07 12:05:00,0
2017-07-07 12:06:00,0
2017-07-07 12:07:00,0
2017-07-07 12:08:00,0
2017-07-07 12:09:00,0
2017-07-07 12:10:00,0
2017-07-07 12:11:00,0
2017-07-07 12:12:00,0
2017-07-07 12:13:00,0
2017-07-07 12:14:00,0
2017-07-07 12:15:00,0
2017-07-07 12:16:00,0
2017-07-07 12:17:00,0
2017-07-07 12:18:00,0
2017-07-07 12:19:00,0
2017-07-07 12:20:00,0
2017-07-07 12:21:00,0
2017-07-07 12:22:00,0
2017-07-07 12:23:00,0
2017-07-07 12:24:00,0
2017-07-07 12:25:00,0
2017-07-07 12:26:00,0
2017-07-07 12:27:00,0
2017-07-07 12:28:00,0
2017-07-07 12:29:00,0
2017-07-07 12:30:00,0
2017-07-07 12:31:00,0
2017-07-07 12:32:00,0
2017-07-07 12:33:00,0
2017-07-07 12:34:00,0
2017-07-07 12:35:00,0
2017-07-07 12:36:00,0
2017-07-07 12:37:00,0
2017-07-07 12:38:00,0
2017-07-07 12:39:00,0
2017-07-07 12:40:00,0
2017-07-07 12:41:00,0
2017-07-07 12:42:00,0
2017-07-07 12:43:00,0
2017-07-07 12:44:00,0
2017-07-07 12:45:00,0
2017-07-07 12:46:00,0
2017-07-07 12:47:00,0
2017-07-07 12:48:00,0
2017-07-07 12:49:00,0
2017-07-07 12:50:00,0
2017-07-07 12:51:00,0
2017-07-07 12:52:00,0
2017-07-07 12:53:00,0
2017-07-07 12:54:00,0
2017-07-07 12:55:00,0
2017-07-07 12:56:00,0
2017-07-07 12:57:00,0
2017-07-07 12:58:00,0
